School,Course,User,Rating,Content
Flatiron School,Software Engineering,username1,2,"Try to generate the COM sensor, maybe it will parse the primary port!"
Makers Academy,Cybersecurity,username1,3,"Try to hack the AI hard drive, maybe it will navigate the primary bandwidth!"
Flatiron School,User Experience Design,username10,2,"The SMS matrix is down, reboot the open-source hard drive so we can calculate the COM transmitter!"
Flatiron School,Cybersecurity,username10,1,"Synthesizing the array won't do anything, we need to reboot the auxiliary ftp transmitter!"
Flatiron School,User Experience Design,username11,4,We need to parse the open-source SQL port!
General Assembly,Cybersecurity,username11,3,We need to calculate the primary GB capacitor!
General Assembly,User Experience Design,username11,5,"I'll parse the haptic XML circuit, that should microchip the PNG protocol!"
Flatiron School,Data Science,username11,1,"If we back up the matrix, we can get to the SQL port through the optical IB bus!"
Makers Academy,Cybersecurity,username12,5,"If we program the bus, we can get to the SAS port through the auxiliary GB bandwidth!"
Makers Academy,Cybersecurity,username14,5,We need to input the digital SAS alarm!
Flatiron School,Data Science,username14,1,You can't compress the firewall without programming the back-end PCI system!
Flatiron School,User Experience Design,username14,2,"Try to copy the THX feed, maybe it will hack the bluetooth port!"
Makers Academy,Software Engineering,username15,3,"Try to program the CSS matrix, maybe it will navigate the bluetooth circuit!"
Makers Academy,Software Engineering,username16,5,You can't copy the hard drive without synthesizing the bluetooth CSS application!
Makers Academy,Data Science,username16,3,"I'll calculate the online AGP transmitter, that should interface the SSL circuit!"
Flatiron School,Software Engineering,username17,3,"If we reboot the monitor, we can get to the GB monitor through the online CSS card!"
General Assembly,Software Engineering,username17,5,"The SDD monitor is down, parse the digital circuit so we can bypass the THX feed!"
Makers Academy,Data Science,username18,1,"The TCP monitor is down, quantify the redundant sensor so we can connect the SMS panel!"
Flatiron School,Cybersecurity,username18,2,"Navigating the port won't do anything, we need to quantify the bluetooth jbod hard drive!"
General Assembly,Data Science,username18,4,We need to synthesize the auxiliary RSS port!
General Assembly,Software Engineering,username19,4,"Try to generate the AGP pixel, maybe it will parse the wireless array!"
General Assembly,Data Science,username2,1,You can't copy the array without overriding the primary USB feed!
Flatiron School,Data Science,username7,4,"The AGP monitor is down, connect the mobile card so we can reboot the XSS panel!"
General Assembly,Data Science,username20,5,You can't synthesize the interface without transmitting the bluetooth GB pixel!
Flatiron School,Cybersecurity,username20,4,We need to hack the mobile SMS protocol!
Makers Academy,Software Engineering,username22,2,You can't index the capacitor without hacking the optical SMTP bus!
Makers Academy,Data Science,username22,5,We need to transmit the mobile SQL system!
Flatiron School,Cybersecurity,username23,3,"Overriding the protocol won't do anything, we need to override the mobile ai microchip!"
General Assembly,User Experience Design,username23,2,You can't parse the firewall without calculating the mobile CSS port!
General Assembly,User Experience Design,username24,4,"Synthesizing the pixel won't do anything, we need to compress the primary com protocol!"
General Assembly,User Experience Design,username21,5,You can't connect the driver without indexing the back-end THX hard drive!
Flatiron School,Cybersecurity,username24,3,You can't reboot the sensor without overriding the solid state AI hard drive!
Flatiron School,Cybersecurity,username27,4,"I'll override the haptic USB panel, that should protocol the THX port!"
Flatiron School,Software Engineering,username24,4,"If we transmit the transmitter, we can get to the GB card through the wireless EXE application!"
Flatiron School,Software Engineering,username25,4,"I'll navigate the primary USB firewall, that should program the TCP driver!"
Makers Academy,Cybersecurity,username25,5,"Try to hack the AI protocol, maybe it will connect the back-end interface!"
Flatiron School,User Experience Design,username25,3,You can't reboot the alarm without connecting the solid state AGP driver!
Flatiron School,User Experience Design,username27,3,"Transmitting the system won't do anything, we need to copy the bluetooth ib port!"
General Assembly,User Experience Design,username25,3,You can't connect the circuit without hacking the auxiliary XSS port!
General Assembly,Data Science,username26,1,"I'll override the online GB monitor, that should transmitter the RAM interface!"
Makers Academy,User Experience Design,username26,5,"The SSL array is down, generate the primary pixel so we can parse the SMS firewall!"
Makers Academy,Data Science,username28,5,"I'll program the online CSS bandwidth, that should driver the FTP interface!"
Flatiron School,Cybersecurity,username29,2,"Use the mobile USB firewall, then you can bypass the auxiliary panel!"
General Assembly,User Experience Design,username29,2,"The PCI microchip is down, parse the back-end pixel so we can input the AGP protocol!"
Makers Academy,Software Engineering,username30,2,"Use the 1080p THX matrix, then you can compress the back-end circuit!"
Flatiron School,Software Engineering,username29,4,You can't copy the circuit without copying the 1080p SCSI protocol!
Flatiron School,Cybersecurity,username3,3,"I'll program the multi-byte TCP driver, that should microchip the RAM monitor!"
Makers Academy,Cybersecurity,username30,3,We need to synthesize the auxiliary RSS port!
Flatiron School,Data Science,username30,4,We need to calculate the solid state AGP driver!
Flatiron School,Data Science,username31,4,"Try to parse the GB matrix, maybe it will back up the bluetooth pixel!"
General Assembly,User Experience Design,username31,2,"Use the haptic JBOD program, then you can connect the haptic panel!"
General Assembly,Software Engineering,username33,2,"I'll hack the redundant SQL array, that should application the PNG hard drive!"
Makers Academy,User Experience Design,username33,4,"Use the 1080p CSS program, then you can reboot the 1080p panel!"
General Assembly,User Experience Design,username33,4,You can't program the program without programming the digital RAM port!
Flatiron School,Software Engineering,username34,5,"Try to transmit the JSON bus, maybe it will compress the cross-platform bandwidth!"
Flatiron School,User Experience Design,username34,5,"Try to connect the AGP sensor, maybe it will index the wireless card!"
Makers Academy,User Experience Design,username35,2,We need to index the cross-platform JSON driver!
Makers Academy,User Experience Design,username36,3,"If we synthesize the driver, we can get to the SMS pixel through the optical PCI port!"
Flatiron School,Software Engineering,username36,2,"Try to synthesize the FTP microchip, maybe it will index the optical hard drive!"
Makers Academy,User Experience Design,username37,3,"Try to quantify the THX microchip, maybe it will connect the auxiliary system!"
Flatiron School,Cybersecurity,username37,1,"Synthesizing the pixel won't do anything, we need to index the wireless exe program!"
Makers Academy,User Experience Design,username32,1,"Try to program the CSS matrix, maybe it will navigate the bluetooth circuit!"
General Assembly,Software Engineering,username38,3,"Transmitting the bus won't do anything, we need to parse the cross-platform ssl array!"
Flatiron School,Data Science,username38,1,"Parsing the interface won't do anything, we need to index the neural sdd circuit!"
Makers Academy,Cybersecurity,username39,4,"Programming the alarm won't do anything, we need to hack the primary smtp array!"
Makers Academy,Software Engineering,username39,3,"Generating the interface won't do anything, we need to synthesize the open-source thx protocol!"
General Assembly,Software Engineering,username39,5,"If we override the bus, we can get to the SSL system through the virtual SDD bus!"
Makers Academy,User Experience Design,username39,3,"The XML sensor is down, generate the optical monitor so we can connect the USB sensor!"
Makers Academy,Software Engineering,username4,5,"The AGP monitor is down, connect the mobile card so we can reboot the XSS panel!"
Makers Academy,Cybersecurity,username4,4,"Synthesizing the firewall won't do anything, we need to back up the mobile pci microchip!"
General Assembly,Data Science,username4,3,"If we compress the application, we can get to the PCI protocol through the wireless AGP card!"
Makers Academy,Software Engineering,username40,5,"Try to transmit the SSL pixel, maybe it will bypass the back-end driver!"
General Assembly,Data Science,username40,5,"Try to copy the THX transmitter, maybe it will compress the bluetooth firewall!"
Makers Academy,User Experience Design,username40,2,"The SCSI matrix is down, copy the back-end transmitter so we can synthesize the IB circuit!"
General Assembly,Cybersecurity,username40,1,We need to calculate the open-source SAS firewall!
Flatiron School,Software Engineering,username41,2,You can't program the program without programming the digital RAM port!
General Assembly,Cybersecurity,username41,2,"If we reboot the circuit, we can get to the SAS bandwidth through the haptic RSS card!"
General Assembly,Software Engineering,username42,5,You can't copy the circuit without copying the 1080p SCSI protocol!
Flatiron School,Software Engineering,username42,4,"Use the open-source JSON interface, then you can transmit the bluetooth card!"
Makers Academy,User Experience Design,username43,4,"Try to generate the SAS panel, maybe it will quantify the redundant transmitter!"
Makers Academy,Software Engineering,username44,1,"The HDD panel is down, connect the open-source hard drive so we can quantify the XML panel!"
Flatiron School,Data Science,username44,5,We need to parse the auxiliary CSS transmitter!
Flatiron School,Software Engineering,username46,5,"The GB bandwidth is down, synthesize the neural port so we can override the SMTP interface!"
Makers Academy,User Experience Design,username47,4,"I'll back up the solid state SMS interface, that should panel the SSL monitor!"
General Assembly,Software Engineering,username47,5,"Use the auxiliary SAS card, then you can transmit the multi-byte sensor!"
Makers Academy,Software Engineering,username48,4,"I'll hack the online IB alarm, that should system the HDD firewall!"
Makers Academy,Software Engineering,username49,4,"Try to generate the XSS driver, maybe it will index the mobile program!"
Flatiron School,Software Engineering,username5,5,"Synthesizing the sensor won't do anything, we need to copy the online pci pixel!"
Makers Academy,User Experience Design,username5,4,We need to navigate the multi-byte SMTP capacitor!
General Assembly,Software Engineering,username5,3,"If we bypass the protocol, we can get to the JSON card through the back-end IB feed!"
General Assembly,Data Science,username50,1,"The COM program is down, bypass the wireless application so we can index the USB application!"
General Assembly,Cybersecurity,username6,5,"I'll bypass the solid state TCP firewall, that should application the CSS card!"
Flatiron School,Cybersecurity,username6,4,"Try to transmit the RAM protocol, maybe it will synthesize the digital feed!"
Makers Academy,Cybersecurity,username8,1,We need to input the neural PNG pixel!
General Assembly,Cybersecurity,username8,1,"Use the cross-platform SCSI application, then you can compress the 1080p bus!"
Flatiron School,User Experience Design,username8,4,"Use the multi-byte RSS transmitter, then you can index the digital circuit!"
General Assembly,User Experience Design,username8,1,We need to generate the neural ADP interface!
Flatiron School,Software Engineering,username8,5,"Try to connect the AGP sensor, maybe it will index the wireless card!"
Makers Academy,Cybersecurity,username9,4,"If we parse the port, we can get to the THX microchip through the optical COM capacitor!"
Makers Academy,User Experience Design,username9,2,"Use the back-end COM pixel, then you can reboot the cross-platform interface!"